{
  "IcoMoonType": "selection",
  "icons": [
    {
      "icon": {
        "paths": [
          "M1693.538 0h-1181.538c-282.77 0-512 229.23-512 512s229.23 512 512 512v0h1181.538c282.77 0 512-229.23 512-512s-229.23-512-512-512v0z",
          "M3741.538 1024c282.77 0 512-229.23 512-512s-229.23-512-512-512v0c-282.77 0-512 229.23-512 512s229.23 512 512 512v0zM5789.538 1024c282.77 0 512-229.23 512-512s-229.23-512-512-512v0c-282.77 0-512 229.23-512 512s229.23 512 512 512v0zM7837.538 1024c282.77 0 512-229.23 512-512s-229.23-512-512-512v0c-282.77 0-512 229.23-512 512s229.23 512 512 512v0z"
        ],
        "attrs": [
          {
            "fill": "rgb(253, 146, 34)"
          },
          {
            "fill": "rgb(17, 17, 17)",
            "opacity": 0.1
          }
        ],
        "width": 8350,
        "isMulticolor": true,
        "isMulticolor2": true,
        "grid": 0,
        "tags": [
          "offer banner"
        ],
        "colorPermutations": {
          "1717171253146341": [
            {
              "f": 1
            },
            {
              "f": 0
            }
          ]
        }
      },
      "attrs": [
        {
          "fill": "rgb(253, 146, 34)"
        },
        {
          "fill": "rgb(17, 17, 17)",
          "opacity": 0.1
        }
      ],
      "properties": {
        "order": 50,
        "id": 0,
        "name": "offer-banner",
        "prevSize": 32
      },
      "setIdx": 0,
      "setId": 11,
      "iconIdx": 0
    }
  ],
  "height": 1024,
  "preferences": {
    "showGlyphs": true,
    "showQuickUse": true,
    "showQuickUse2": true,
    "showSVGs": true,
    "fontPref": {
      "prefix": "icon-",
      "metadata": {
        "fontFamily": "icomoon"
      },
      "metrics": {
        "emSize": 1024,
        "baseline": 6.25,
        "whitespace": 50
      },
      "embed": false
    },
    "imagePref": {
      "prefix": "icon-",
      "png": true,
      "useClassSelector": true,
      "color": 0,
      "bgColor": 16777215,
      "classSelector": ".icon",
      "name": "icomoon",
      "height": 32,
      "columns": 16,
      "margin": 16
    },
    "historySize": 50,
    "showCodes": true,
    "gridSize": 16
  }
}